日期,ETF,代號,今日張數
2026-06-23,00981A,2368,8315
2026-06-23,00981A,3443,1
2026-06-23,00981A,5347,1
2026-06-23,00403A,8299,1
2026-06-23,00981A,2308,6222
2026-06-23,00981A,2383,4486
2026-06-23,00981A,6147,6275
2026-06-23,00981A,2454,4977
2026-06-23,00981A,8210,2267
2026-06-23,00981A,2303,77390
2026-06-23,00981A,6510,930
2026-06-23,00981A,3017,5191
2026-06-23,00981A,6271,2966
2026-06-23,00981A,1590,530
2026-06-23,00981A,2330,11960
2026-06-23,00981A,6515,348
2026-06-23,00981A,2313,1
2026-06-23,00981A,4966,1642
2026-06-23,00981A,2382,1
2026-06-23,00981A,6278,4334
2026-06-23,00981A,6669,2417
2026-06-23,00981A,3661,1
2026-06-23,00981A,2439,18
2026-06-23,00981A,2002,5163
2026-06-23,00981A,8150,1444
2026-06-23,00403A,8210,1
2026-06-23,00981A,6488,350
2026-06-23,00981A,6223,2279
2026-06-23,00981A,3008,1
2026-06-23,00981A,2327,23892
2026-06-23,00981A,2481,5
2026-06-23,00981A,3711,17948
2026-06-23,00981A,6191,3988
2026-06-23,00981A,8996,354
2026-06-23,00981A,3037,13307
2026-06-23,00981A,2345,6334
2026-06-23,00981A,8358,980
2026-06-23,00981A,3264,1508
2026-06-23,00981A,6805,1811
2026-06-23,00981A,5439,3528
2026-06-23,00981A,1815,107
2026-06-23,00981A,3376,1741
2026-06-24,00403A,3533,1240
2026-06-24,00981A,3037,13307
2026-06-24,00403A,2303,74600
2026-06-24,00981A,3017,5191
2026-06-24,00403A,2368,4200
2026-06-24,00981A,8210,2267
2026-06-24,00981A,8046,8917
2026-06-24,00981A,2383,4486
2026-06-24,00981A,2454,5037
2026-06-24,00981A,6805,1811
2026-06-24,00981A,2345,6334
2026-06-24,00981A,3665,4834
2026-06-24,00981A,2330,11960
2026-06-24,00981A,2303,83532
2026-06-24,00981A,6669,2417
2026-06-24,00981A,6278,4334
2026-06-24,00403A,2455,450
2026-06-24,00981A,6223,2352
2026-06-24,00981A,2327,23892
2026-06-24,00981A,6510,930
2026-06-24,00981A,6147,6275
2026-06-24,00981A,5439,3528
2026-06-24,00981A,6515,348
2026-06-24,00981A,2449,6484
2026-06-24,00981A,2368,8315
2026-06-24,00981A,3711,14158
2026-06-24,00981A,6274,5058
2026-06-24,00981A,2317,7307
2026-06-24,00981A,3653,2267
2026-06-24,00981A,3264,1508
2026-06-24,00403A,4979,600
2026-06-24,00981A,1590,530
2026-06-24,00981A,3533,852
2026-06-24,00981A,2308,5910
2026-06-24,00981A,8358,980
2026-06-24,00981A,8996,354
2026-06-24,00403A,1560,800
2026-06-24,00981A,3376,1741
2026-06-24,00981A,6488,350
2026-06-24,00981A,6271,2966
2026-06-24,00403A,2327,10050
2026-06-24,00403A,3037,8960
2026-06-24,00981A,5274,422
2026-06-24,00403A,6805,570
2026-06-24,00403A,1303,7550
2026-06-24,00403A,6223,940
2026-06-24,00403A,2337,16350
2026-06-24,00403A,2317,3200
2026-06-24,00403A,7769,279
2026-06-24,00403A,6515,200
2026-06-24,00403A,2383,1350
2026-06-24,00403A,2308,2430
2026-06-24,00403A,2345,2100
2026-06-24,00403A,4966,900
2026-06-24,00403A,3443,430
2026-06-24,00403A,8996,1560
2026-06-24,00403A,5274,45
2026-06-24,00403A,6669,790
2026-06-24,00403A,3211,1560
2026-06-24,00403A,6488,2000
2026-06-24,00981A,4966,1642
2026-06-24,00403A,2330,12900
2026-06-24,00403A,4958,6440
2026-06-24,00403A,6415,900
2026-06-24,00403A,8358,1950
2026-06-24,00403A,2360,450
2026-06-24,00403A,6274,1700
2026-06-24,00403A,2344,38800
2026-06-24,00403A,3711,4500
2026-06-24,00403A,5347,9911
2026-06-24,00403A,6442,570
2026-06-24,00403A,3583,900
2026-06-24,00403A,3081,160
2026-06-24,00403A,8046,795
2026-06-24,00403A,3665,500
2026-06-24,00981A,6191,3988
2026-06-24,00403A,2454,1435
2026-06-24,00403A,6147,6000
2026-06-24,00403A,6196,1000
2026-06-24,00403A,2049,1010
2026-06-24,00403A,3189,1800
2026-06-24,00403A,3017,3250
2026-06-24,00403A,3529,390
2026-06-24,00981A,6187,1334
2026-06-24,00403A,3653,830
2026-06-25,00403A,3017,3250
2026-06-25,00403A,5347,9911
2026-06-25,00403A,6415,900
2026-06-25,00403A,2308,2430
2026-06-25,00403A,8996,1560
2026-06-25,00981A,6515,313
2026-06-25,00403A,3211,1560
2026-06-25,00403A,6488,2000
2026-06-25,00403A,4958,6440
2026-06-25,00403A,6805,570
2026-06-25,00403A,2317,3200
2026-06-25,00403A,2454,1435
2026-06-25,00403A,6223,940
2026-06-25,00403A,2383,1350
2026-06-25,00403A,2049,1010
2026-06-25,00403A,3533,1240
2026-06-25,00403A,4966,900
2026-06-25,00403A,3443,450
2026-06-25,00403A,5274,45
2026-06-25,00403A,7769,279
2026-06-25,00403A,3529,390
2026-06-25,00403A,3583,900
2026-06-25,00981A,6274,5058
2026-06-25,00981A,6187,1334
2026-06-25,00403A,6274,1700
2026-06-25,00403A,2344,38800
2026-06-25,00403A,6669,790
2026-06-25,00981A,3264,1508
2026-06-25,00403A,6515,200
2026-06-25,00403A,3665,400
2026-06-25,00403A,2360,450
2026-06-25,00403A,3189,1968
2026-06-25,00403A,3711,4500
2026-06-25,00403A,6196,1000
2026-06-25,00403A,3037,8960
2026-06-25,00403A,1303,7550
2026-06-25,00403A,8358,1950
2026-06-25,00403A,6147,6000
2026-06-25,00403A,2337,13850
2026-06-25,00403A,8046,795
2026-06-25,00403A,2368,3700
2026-06-25,00403A,3653,830
2026-06-25,00403A,2345,2100
2026-06-25,00981A,6278,4334
2026-06-25,00981A,6223,2352
2026-06-25,00981A,3533,852
2026-06-25,00981A,2330,11960
2026-06-25,00981A,3037,14735
2026-06-25,00981A,2383,4486
2026-06-25,00981A,6669,2417
2026-06-25,00981A,2345,6334
2026-06-25,00981A,3665,4834
2026-06-25,00981A,1590,530
2026-06-25,00981A,3711,14158
2026-06-25,00981A,2368,8315
2026-06-25,00981A,3653,2267
2026-06-25,00981A,2308,5614
2026-06-25,00981A,2454,5037
2026-06-25,00403A,4979,500
2026-06-25,00403A,2327,10050
2026-06-25,00981A,2327,25098
2026-06-25,00981A,2303,86550
2026-06-25,00981A,8046,8917
2026-06-25,00403A,2330,12900
2026-06-25,00981A,6191,3988
2026-06-25,00981A,4966,1642
2026-06-25,00981A,5274,379
2026-06-25,00981A,2449,6484
2026-06-25,00403A,2303,75000
2026-06-25,00981A,3017,5191
2026-06-25,00981A,2002,5163
2026-06-25,00981A,3376,1741
2026-06-25,00981A,8996,354
2026-06-25,00981A,8358,980
2026-06-25,00981A,6271,2966
2026-06-25,00403A,2455,450
2026-06-25,00981A,2317,7307
2026-06-25,00981A,6805,1811
2026-06-25,00403A,1560,800
2026-06-25,00981A,6147,6275
2026-06-25,00981A,6510,930
2026-06-25,00981A,5439,3528
2026-06-25,00403A,6442,570
2026-06-25,00981A,8210,2267
2026-06-25,00981A,6488,350
2026-06-26,00981A,2330,11960
2026-06-26,00981A,6669,2417
2026-06-26,00403A,2303,75000
2026-06-26,00981A,3711,12742
2026-06-26,00981A,3264,1508
2026-06-26,00981A,2454,5037
2026-06-26,00981A,2327,25098
2026-06-26,00981A,6223,2352
2026-06-26,00981A,2383,4486
2026-06-26,00981A,2308,5614
2026-06-26,00981A,8046,8917
2026-06-26,00981A,6510,930
2026-06-26,00403A,2455,450
2026-06-26,00981A,1590,530
2026-06-26,00981A,6805,1811
2026-06-26,00981A,6488,350
2026-06-26,00981A,4966,1116
2026-06-26,00981A,2368,8315
2026-06-26,00981A,3376,1741
2026-06-26,00981A,2345,6334
2026-06-26,00981A,6147,6275
2026-06-26,00981A,3653,2267
2026-06-26,00981A,3665,4834
2026-06-26,00981A,3037,14735
2026-06-26,00981A,5274,379
2026-06-26,00981A,3533,852
2026-06-26,00981A,2317,7307
2026-06-26,00981A,6187,1334
2026-06-26,00981A,2449,4481
2026-06-26,00981A,5439,3528
2026-06-26,00981A,2303,86550
2026-06-26,00981A,3017,5191
2026-06-26,00981A,6274,5058
2026-06-26,00403A,4979,300
2026-06-26,00403A,2330,12900
2026-06-26,00981A,6278,4334
2026-06-26,00981A,6515,281
2026-06-26,00403A,2327,10050
2026-06-26,00981A,2002,5163
2026-06-26,00981A,6191,3988
2026-06-26,00981A,6271,2966
2026-06-26,00981A,8358,980
2026-06-26,00403A,6805,570
2026-06-26,00403A,6488,2000
2026-06-26,00403A,3017,3250
2026-06-26,00403A,3533,1240
2026-06-26,00403A,6223,940
2026-06-26,00403A,2454,1435
2026-06-26,00403A,2345,2100
2026-06-26,00403A,2368,3700
2026-06-26,00403A,3189,2940
2026-06-26,00403A,7769,279
2026-06-26,00403A,2337,10000
2026-06-26,00403A,8358,1950
2026-06-26,00981A,8210,2267
2026-06-26,00403A,1303,7550
2026-06-26,00403A,5347,9911
2026-06-26,00403A,6274,1700
2026-06-26,00403A,2317,3200
2026-06-26,00403A,3711,4500
2026-06-26,00403A,8996,1560
2026-06-26,00403A,6515,200
2026-06-26,00403A,3665,250
2026-06-26,00403A,6196,1000
2026-06-26,00403A,5274,45
2026-06-26,00403A,3443,450
2026-06-26,00403A,6147,6000
2026-06-26,00403A,2308,2430
2026-06-26,00403A,2383,1350
2026-06-26,00403A,3583,900
2026-06-26,00403A,8046,795
2026-06-26,00403A,3653,830
2026-06-26,00403A,4966,900
2026-06-26,00403A,4958,6440
2026-06-26,00403A,6415,900
2026-06-26,00403A,6669,790
2026-06-26,00403A,1560,800
2026-06-26,00403A,3211,1560
2026-06-26,00403A,6442,322
2026-06-26,00403A,3529,390
2026-06-26,00403A,2344,38800
2026-06-26,00403A,3037,8960
2026-06-26,00403A,2360,450
2026-06-26,00403A,2049,1010
2026-06-27,00403A,8996,1560
2026-06-27,00403A,5347,9911
2026-06-27,00403A,3711,4500
2026-06-27,00403A,6805,570
2026-06-27,00403A,2344,38800
2026-06-27,00403A,3443,450
2026-06-27,00403A,2317,3200
2026-06-27,00403A,6196,1000
2026-06-27,00403A,2308,2430
2026-06-27,00403A,2049,1010
2026-06-27,00403A,6147,6000
2026-06-27,00403A,2383,1350
2026-06-27,00403A,8046,795
2026-06-27,00403A,4958,6440
2026-06-27,00403A,2345,2100
2026-06-27,00403A,2454,1435
2026-06-27,00403A,6223,940
2026-06-27,00403A,6488,2000
2026-06-27,00403A,6515,200
2026-06-27,00981A,6515,281
2026-06-27,00403A,3037,8960
2026-06-27,00403A,3583,900
2026-06-27,00403A,6415,900
2026-06-27,00403A,3189,2940
2026-06-27,00403A,3533,1240
2026-06-27,00403A,2368,3700
2026-06-27,00403A,3017,3250
2026-06-27,00403A,4966,900
2026-06-27,00403A,3665,250
2026-06-27,00403A,1560,800
2026-06-27,00403A,2337,10000
2026-06-27,00403A,6669,790
2026-06-27,00403A,3529,390
2026-06-27,00403A,6442,322
2026-06-27,00403A,3653,830
2026-06-27,00403A,2360,450
2026-06-27,00403A,8358,1950
2026-06-27,00403A,1303,7550
2026-06-27,00403A,7769,279
2026-06-27,00403A,6274,1700
2026-06-27,00403A,5274,45
2026-06-27,00403A,3211,1560
2026-06-27,00981A,3264,1508
2026-06-27,00981A,6274,5058
2026-06-27,00981A,2368,8315
2026-06-27,00981A,2454,5037
2026-06-27,00403A,4979,300
2026-06-27,00981A,5274,379
2026-06-27,00981A,6223,2352
2026-06-27,00981A,8046,8917
2026-06-27,00981A,3017,5191
2026-06-27,00981A,4966,1116
2026-06-27,00981A,2308,5614
2026-06-27,00981A,6187,1334
2026-06-27,00403A,2327,10050
2026-06-27,00981A,6669,2417
2026-06-27,00981A,6278,4334
2026-06-27,00981A,3533,852
2026-06-27,00981A,2383,4486
2026-06-27,00981A,2330,11960
2026-06-27,00981A,6191,3988
2026-06-27,00403A,2455,450
2026-06-27,00981A,2345,6334
2026-06-27,00981A,8210,2267
2026-06-27,00981A,5439,3528
2026-06-27,00981A,1590,530
2026-06-27,00403A,2303,75000
2026-06-27,00981A,6805,1811
2026-06-27,00981A,6510,930
2026-06-27,00981A,2303,86550
2026-06-27,00981A,6488,350
2026-06-27,00981A,3665,4834
2026-06-27,00981A,3711,12742
2026-06-27,00981A,2327,25098
2026-06-27,00981A,3037,14735
2026-06-27,00981A,8358,980
2026-06-27,00981A,3653,2267
2026-06-27,00981A,2317,7307
2026-06-27,00981A,6147,6275
2026-06-27,00981A,2449,4481
2026-06-27,00981A,6271,2966
2026-06-27,00981A,2002,5163
2026-06-27,00981A,3376,1741
2026-06-27,00403A,2330,12900
2026-06-28,00981A,2327,25098
2026-06-28,00981A,8358,980
2026-06-28,00981A,2383,4486
2026-06-28,00981A,3665,4834
2026-06-28,00981A,2303,86550
2026-06-28,00981A,5274,379
2026-06-28,00981A,6187,1334
2026-06-28,00981A,6805,1811
2026-06-28,00403A,4979,300
2026-06-28,00981A,6669,2417
2026-06-28,00981A,2308,5614
2026-06-28,00981A,3653,2267
2026-06-28,00981A,8046,8917
2026-06-28,00981A,2368,8315
2026-06-28,00981A,2345,6334
2026-06-28,00981A,1590,530
2026-06-28,00981A,6271,2966
2026-06-28,00403A,2327,10050
2026-06-28,00981A,6510,930
2026-06-28,00981A,2454,5037
2026-06-28,00981A,6274,5058
2026-06-28,00981A,2002,5163
2026-06-28,00981A,6488,350
2026-06-28,00981A,2449,4481
2026-06-28,00403A,2455,450
2026-06-28,00981A,6278,4334
2026-06-28,00981A,2317,7307
2026-06-28,00981A,6147,6275
2026-06-28,00981A,3017,5191
2026-06-28,00981A,2330,11960
2026-06-28,00403A,2303,75000
2026-06-28,00403A,2330,12900
2026-06-28,00981A,3711,12742
2026-06-28,00981A,6191,3988
2026-06-28,00981A,4966,1116
2026-06-28,00981A,3376,1741
2026-06-28,00981A,5439,3528
2026-06-28,00981A,3533,852
2026-06-28,00981A,8210,2267
2026-06-28,00981A,6223,2352
2026-06-28,00981A,3264,1508
2026-06-28,00981A,3037,14735
2026-06-28,00403A,3529,390
2026-06-28,00403A,6488,2000
2026-06-28,00403A,3037,8960
2026-06-28,00403A,2317,3200
2026-06-28,00403A,8046,795
2026-06-28,00403A,6669,790
2026-06-28,00403A,6196,1000
2026-06-28,00403A,6223,940
2026-06-28,00403A,3711,4500
2026-06-28,00403A,8996,1560
2026-06-28,00403A,4958,6440
2026-06-28,00403A,3583,900
2026-06-28,00403A,5347,9911
2026-06-28,00403A,2337,10000
2026-06-28,00403A,2383,1350
2026-06-28,00403A,7769,279
2026-06-28,00403A,3653,830
2026-06-28,00403A,2345,2100
2026-06-28,00403A,3443,450
2026-06-28,00403A,3189,2940
2026-06-28,00403A,2454,1435
2026-06-28,00403A,8358,1950
2026-06-28,00403A,5274,45
2026-06-28,00403A,6415,900
2026-06-28,00403A,4966,900
2026-06-28,00403A,3211,1560
2026-06-28,00403A,2360,450
2026-06-28,00403A,2049,1010
2026-06-28,00403A,6147,6000
2026-06-28,00403A,6442,322
2026-06-28,00403A,2344,38800
2026-06-28,00981A,6515,281
2026-06-28,00403A,6805,570
2026-06-28,00403A,3017,3250
2026-06-28,00403A,3533,1240
2026-06-28,00403A,1303,7550
2026-06-28,00403A,6515,200
2026-06-28,00403A,6274,1700
2026-06-28,00403A,1560,800
2026-06-28,00403A,3665,250
2026-06-28,00403A,2308,2430
2026-06-28,00403A,2368,3700
2026-06-29,00403A,2345,2100
2026-06-29,00403A,2337,10000
2026-06-29,00403A,6669,790
2026-06-29,00403A,6488,2000
2026-06-29,00403A,2368,2900
2026-06-29,00403A,3653,830
2026-06-29,00981A,6515,281
2026-06-29,00403A,3533,1240
2026-06-29,00403A,3037,8960
2026-06-29,00403A,2308,2430
2026-06-29,00403A,6515,200
2026-06-29,00403A,5347,9911
2026-06-29,00403A,2454,1435
2026-06-29,00403A,6223,940
2026-06-29,00403A,2383,1350
2026-06-29,00403A,4958,6440
2026-06-29,00403A,3017,3250
2026-06-29,00403A,3189,3200
2026-06-29,00403A,3443,450
2026-06-29,00403A,3583,900
2026-06-29,00403A,6415,900
2026-06-29,00403A,3711,4500
2026-06-29,00403A,1560,900
2026-06-29,00403A,6196,1000
2026-06-29,00403A,3665,166
2026-06-29,00403A,4966,900
2026-06-29,00403A,6442,300
2026-06-29,00403A,6274,1700
2026-06-29,00403A,2344,38800
2026-06-29,00403A,2317,3200
2026-06-29,00403A,3211,1560
2026-06-29,00403A,6147,6000
2026-06-29,00403A,7769,279
2026-06-29,00403A,5274,45
2026-06-29,00403A,2360,450
2026-06-29,00403A,6805,570
2026-06-29,00403A,8358,1950
2026-06-29,00403A,3529,390
2026-06-29,00403A,2049,1010
2026-06-29,00403A,1303,7550
2026-06-29,00403A,8046,795
2026-06-29,00403A,8996,1560
2026-06-29,00981A,6510,830
2026-06-29,00981A,6278,4334
2026-06-29,00981A,2327,25098
2026-06-29,00981A,3264,1508
2026-06-29,00981A,8210,2267
2026-06-29,00981A,2330,11960
2026-06-29,00981A,2308,5614
2026-06-29,00981A,6223,2367
2026-06-29,00981A,3665,4834
2026-06-29,00981A,2303,86550
2026-06-29,00981A,3711,12742
2026-06-29,00981A,2368,8315
2026-06-29,00981A,2345,6334
2026-06-29,00981A,6805,1811
2026-06-29,00981A,5439,3528
2026-06-29,00981A,2383,4486
2026-06-29,00981A,4966,1116
2026-06-29,00981A,3037,14735
2026-06-29,00981A,3653,2267
2026-06-29,00403A,4979,300
2026-06-29,00981A,6187,1334
2026-06-29,00981A,5274,379
2026-06-29,00981A,3533,852
2026-06-29,00981A,6274,5058
2026-06-29,00403A,2303,75000
2026-06-29,00981A,2454,5037
2026-06-29,00981A,3376,1741
2026-06-29,00403A,2330,12900
2026-06-29,00403A,2327,10050
2026-06-29,00981A,6488,350
2026-06-29,00981A,8358,980
2026-06-29,00981A,1590,530
2026-06-29,00981A,3017,5191
2026-06-29,00403A,2455,450
2026-06-29,00981A,6271,2966
2026-06-29,00981A,2002,5163
2026-06-29,00981A,6147,6275
2026-06-29,00981A,2449,4481
2026-06-29,00981A,6669,2417
2026-06-29,00981A,6191,3988
2026-06-29,00981A,8046,8917
2026-06-29,00981A,2317,7307
2026-06-30,00981A,2345,6334
2026-06-30,00403A,3443,450
2026-06-30,00981A,8046,8949
2026-06-30,00981A,2327,25098
2026-06-30,00403A,6147,3500
2026-06-30,00981A,2330,11960
2026-06-30,00981A,6223,2382
2026-06-30,00981A,2383,4486
2026-06-30,00981A,6515,252
2026-06-30,00981A,8210,2267
2026-06-30,00981A,8358,980
2026-06-30,00403A,3037,8960
2026-06-30,00981A,2368,8315
2026-06-30,00981A,3665,4834
2026-06-30,00981A,3711,12742
2026-06-30,00981A,6187,1334
2026-06-30,00981A,6271,2966
2026-06-30,00981A,6274,5058
2026-06-30,00981A,6805,1811
2026-06-30,00981A,6669,2417
2026-06-30,00403A,4979,300
2026-06-30,00981A,1590,530
2026-06-30,00981A,3533,652
2026-06-30,00981A,6191,3988
2026-06-30,00981A,6147,6275
2026-06-30,00981A,3653,2267
2026-06-30,00981A,2317,5114
2026-06-30,00981A,5439,3528
2026-06-30,00981A,5274,379
2026-06-30,00981A,4966,624
2026-06-30,00403A,2303,75000
2026-06-30,00981A,3037,15203
2026-06-30,00981A,6510,636
2026-06-30,00981A,3264,1508
2026-06-30,00981A,2449,4481
2026-06-30,00981A,6488,350
2026-06-30,00981A,2002,5163
2026-06-30,00403A,2330,12900
2026-06-30,00981A,3017,5191
2026-06-30,00981A,2454,5037
2026-06-30,00981A,2303,86550
2026-06-30,00981A,3376,1741
2026-06-30,00403A,6415,900
2026-06-30,00403A,3533,1240
2026-06-30,00403A,2344,38800
2026-06-30,00403A,8046,795
2026-06-30,00403A,6274,1700
2026-06-30,00403A,2383,1200
2026-06-30,00403A,2454,1435
2026-06-30,00403A,6223,940
2026-06-30,00403A,4958,6440
2026-06-30,00981A,2308,5614
2026-06-30,00403A,2345,2100
2026-06-30,00403A,1560,900
2026-06-30,00403A,3653,830
2026-06-30,00403A,8996,1560
2026-06-30,00403A,6488,2000
2026-06-30,00403A,3665,166
2026-06-30,00403A,3189,3217
2026-06-30,00403A,6239,500
2026-06-30,00403A,5347,9911
2026-06-30,00981A,6278,4334
2026-06-30,00403A,6669,790
2026-06-30,00403A,2308,2430
2026-06-30,00403A,6515,200
2026-06-30,00403A,2368,2750
2026-06-30,00403A,1303,7550
2026-06-30,00403A,2317,3200
2026-06-30,00403A,2337,10000
2026-06-30,00403A,6805,570
2026-06-30,00403A,5274,45
2026-06-30,00403A,8358,1950
2026-06-30,00403A,3711,5000
2026-06-30,00403A,6442,300
2026-06-30,00403A,3583,900
2026-06-30,00403A,3529,390
2026-06-30,00403A,2455,450
2026-06-30,00403A,2049,1010
2026-06-30,00403A,6196,1000
2026-06-30,00403A,4966,900
2026-06-30,00403A,3211,1560
2026-06-30,00403A,3017,3380
2026-06-30,00403A,7769,279
2026-06-30,00403A,2360,450
2026-06-30,00403A,2327,10050
2026-07-01,00403A,3443,450
2026-07-01,00403A,3533,1240
2026-07-01,00403A,2049,1010
2026-07-01,00403A,3653,830
2026-07-01,00403A,6515,200
2026-07-01,00403A,6196,1000
2026-07-01,00403A,6442,300
2026-07-01,00403A,1303,7550
2026-07-01,00403A,3189,3217
2026-07-01,00403A,3583,900
2026-07-01,00403A,6239,500
2026-07-01,00403A,6669,790
2026-07-01,00403A,4958,6440
2026-07-01,00403A,2345,2100
2026-07-01,00403A,2454,1435
2026-07-01,00403A,6223,940
2026-07-01,00403A,2383,1140
2026-07-01,00403A,6274,1700
2026-07-01,00403A,2308,2430
2026-07-01,00981A,2303,86550
2026-07-01,00403A,6488,2000
2026-07-01,00981A,6515,252
2026-07-01,00403A,4966,900
2026-07-01,00403A,2344,38800
2026-07-01,00403A,3211,1560
2026-07-01,00403A,3665,166
2026-07-01,00403A,2337,10000
2026-07-01,00403A,2317,3200
2026-07-01,00403A,3711,5300
2026-07-01,00403A,3529,390
2026-07-01,00403A,3017,3450
2026-07-01,00403A,2368,2750
2026-07-01,00403A,6147,3500
2026-07-01,00403A,7769,279
2026-07-01,00403A,1560,1000
2026-07-01,00403A,8046,795
2026-07-01,00403A,2360,450
2026-07-01,00403A,5347,5500
2026-07-01,00403A,8358,1950
2026-07-01,00403A,5274,45
2026-07-01,00403A,6415,900
2026-07-01,00403A,6805,570
2026-07-01,00981A,6278,4334
2026-07-01,00981A,3376,1741
2026-07-01,00981A,6223,2382
2026-07-01,00981A,5274,379
2026-07-01,00981A,6187,1334
2026-07-01,00981A,6191,3988
2026-07-01,00981A,3037,15203
2026-07-01,00981A,6805,1811
2026-07-01,00981A,2368,8315
2026-07-01,00981A,1590,530
2026-07-01,00981A,2345,6334
2026-07-01,00981A,3665,4834
2026-07-01,00403A,2303,75000
2026-07-01,00981A,2449,3808
2026-07-01,00403A,2327,10050
2026-07-01,00981A,2383,4486
2026-07-01,00981A,2327,25098
2026-07-01,00403A,4979,100
2026-07-01,00981A,2330,11960
2026-07-01,00403A,8996,1560
2026-07-01,00403A,3037,8960
2026-07-01,00981A,2454,5037
2026-07-01,00981A,6274,5160
2026-07-01,00981A,6271,2966
2026-07-01,00981A,6669,2417
2026-07-01,00981A,3017,5191
2026-07-01,00981A,2002,5163
2026-07-01,00981A,4966,140
2026-07-01,00981A,8358,490
2026-07-01,00981A,3711,12742
2026-07-01,00981A,3264,1508
2026-07-01,00981A,3533,416
2026-07-01,00403A,2330,12800
2026-07-01,00981A,2308,5614
2026-07-01,00981A,3653,2267
2026-07-01,00403A,2455,450
2026-07-01,00981A,5439,3528
2026-07-01,00981A,6488,350
2026-07-01,00981A,8046,8949
2026-07-01,00981A,6510,636
2026-07-01,00981A,8210,2267
2026-07-01,00981A,6147,6275
2026-07-02,00981A,2368,8315
2026-07-02,00981A,6191,3988
2026-07-02,00981A,6271,2966
2026-07-02,00981A,8210,2267
2026-07-02,00981A,6805,1811
2026-07-02,00403A,6239,500
2026-07-02,00981A,2327,25098
2026-07-02,00981A,3711,12742
2026-07-02,00981A,8046,8949
2026-07-02,00981A,1590,530
2026-07-02,00981A,6669,2417
2026-07-02,00403A,3017,3450
2026-07-02,00981A,3037,15203
2026-07-02,00981A,5274,379
2026-07-02,00981A,2345,6334
2026-07-02,00981A,2330,11960
2026-07-02,00981A,3533,291
2026-07-02,00981A,2383,4486
2026-07-02,00403A,2327,10050
2026-07-02,00981A,3665,4834
2026-07-02,00981A,2454,5037
2026-07-02,00981A,6278,4334
2026-07-02,00981A,3653,2267
2026-07-02,00981A,3017,5191
2026-07-02,00403A,2303,75000
2026-07-02,00981A,6510,457
2026-07-02,00981A,6147,6275
2026-07-02,00981A,5439,3528
2026-07-02,00981A,6187,1334
2026-07-02,00981A,2449,3808
2026-07-02,00403A,2330,12800
2026-07-02,00981A,2002,5163
2026-07-02,00403A,2455,450
2026-07-02,00981A,3376,1741
2026-07-02,00981A,6274,5160
2026-07-02,00981A,6488,50
2026-07-02,00981A,6223,2382
2026-07-02,00981A,2303,86550
2026-07-02,00981A,2308,5614
2026-07-02,00981A,4966,140
2026-07-02,00981A,3264,1508
2026-07-02,00403A,3529,390
2026-07-02,00403A,2344,38800
2026-07-02,00403A,8046,795
2026-07-02,00981A,6515,252
2026-07-02,00403A,3037,8960
2026-07-02,00403A,3583,900
2026-07-02,00403A,3653,830
2026-07-02,00403A,2308,2430
2026-07-02,00403A,1560,1000
2026-07-02,00403A,3189,3217
2026-07-02,00403A,6515,200
2026-07-02,00403A,3443,480
2026-07-02,00403A,3533,1240
2026-07-02,00403A,6488,2000
2026-07-02,00403A,2337,10000
2026-07-02,00403A,2360,450
2026-07-02,00403A,6274,1700
2026-07-02,00403A,3211,1560
2026-07-02,00403A,2454,1435
2026-07-02,00403A,8996,1560
2026-07-02,00403A,2383,1140
2026-07-02,00403A,7769,279
2026-07-02,00403A,2345,2100
2026-07-02,00403A,4966,900
2026-07-02,00403A,6669,790
2026-07-02,00403A,2368,2750
2026-07-02,00403A,6196,1000
2026-07-02,00403A,8358,1950
2026-07-02,00403A,6805,570
2026-07-02,00403A,2317,3200
2026-07-02,00403A,5274,45
2026-07-02,00403A,4958,6440
2026-07-02,00403A,6147,1000
2026-07-02,00403A,1303,7550
2026-07-02,00403A,6223,1000
2026-07-02,00403A,3665,166
2026-07-02,00403A,2049,1010
2026-07-02,00403A,5347,1000
2026-07-02,00403A,3711,5600
2026-07-02,00403A,6415,900
2026-07-02,00403A,6442,300
2026-07-03,00403A,3189,3217
2026-07-03,00403A,3443,480
2026-07-03,00403A,3653,780
2026-07-03,00403A,8358,1950
2026-07-03,00403A,6515,200
2026-07-03,00981A,6515,226
2026-07-03,00403A,6488,2000
2026-07-03,00403A,6805,570
2026-07-03,00403A,2368,2750
2026-07-03,00403A,6196,1000
2026-07-03,00403A,2383,1140
2026-07-03,00403A,6669,790
2026-07-03,00403A,2308,2430
2026-07-03,00403A,2345,2100
2026-07-03,00403A,2454,1435
2026-07-03,00403A,3533,1240
2026-07-03,00403A,3017,3450
2026-07-03,00403A,4966,900
2026-07-03,00403A,6147,1000
2026-07-03,00403A,3711,5600
2026-07-03,00403A,7769,279
2026-07-03,00403A,6274,1700
2026-07-03,00403A,3264,300
2026-07-03,00403A,1560,1000
2026-07-03,00403A,3665,166
2026-07-03,00403A,2049,1010
2026-07-03,00403A,3583,900
2026-07-03,00403A,6223,1000
2026-07-03,00403A,4958,6440
2026-07-03,00403A,2344,39600
2026-07-03,00403A,8046,795
2026-07-03,00403A,2337,10000
2026-07-03,00403A,2360,450
2026-07-03,00403A,2317,3200
2026-07-03,00403A,3529,390
2026-07-03,00403A,5274,45
2026-07-03,00403A,6415,900
2026-07-03,00403A,1303,7550
2026-07-03,00403A,6442,300
2026-07-03,00403A,3211,1560
2026-07-03,00981A,3264,1508
2026-07-03,00981A,6278,4334
2026-07-03,00403A,2327,10050
2026-07-03,00981A,2454,5037
2026-07-03,00981A,2308,5052
2026-07-03,00981A,8046,8949
2026-07-03,00981A,2368,8315
2026-07-03,00981A,3037,15203
2026-07-03,00981A,2330,11960
2026-07-03,00403A,8996,1560
2026-07-03,00981A,3653,2267
2026-07-03,00981A,3665,4834
2026-07-03,00981A,6274,5160
2026-07-03,00981A,2449,3427
2026-07-03,00403A,6239,500
2026-07-03,00981A,2345,6334
2026-07-03,00403A,2455,450
2026-07-03,00981A,1590,530
2026-07-03,00981A,2383,4486
2026-07-03,00981A,2327,25098
2026-07-03,00981A,2002,5163
2026-07-03,00981A,6223,2382
2026-07-03,00981A,8210,2267
2026-07-03,00981A,6488,50
2026-07-03,00981A,6805,1811
2026-07-03,00981A,6191,3988
2026-07-03,00981A,3017,5191
2026-07-03,00403A,3037,8960
2026-07-03,00403A,2303,75000
2026-07-03,00981A,4966,140
2026-07-03,00981A,3376,1741
2026-07-03,00981A,5274,379
2026-07-03,00981A,2303,86550
2026-07-03,00403A,2330,12800
2026-07-03,00981A,6510,411
2026-07-03,00981A,6147,6275
2026-07-03,00981A,6187,1334
2026-07-03,00981A,3711,12742
2026-07-03,00981A,6271,2966
2026-07-03,00981A,6669,2417
2026-07-03,00981A,5439,3528
2026-07-04,00981A,3653,2267
2026-07-04,00981A,6510,411
2026-07-04,00403A,3264,300
2026-07-04,00981A,2327,25098
2026-07-04,00981A,6274,5160
2026-07-04,00981A,2383,4486
2026-07-04,00403A,8358,1950
2026-07-04,00981A,3665,4834
2026-07-04,00403A,2327,10050
2026-07-04,00981A,3017,5191
2026-07-04,00981A,6223,2382
2026-07-04,00981A,3037,15203
2026-07-04,00981A,2368,8315
2026-07-04,00981A,8046,8949
2026-07-04,00981A,2308,5052
2026-07-04,00981A,2330,11960
2026-07-04,00403A,3037,8960
2026-07-04,00981A,2454,5037
2026-07-04,00981A,6488,50
2026-07-04,00403A,6515,200
2026-07-04,00981A,8210,2267
2026-07-04,00981A,6147,6275
2026-07-04,00981A,6187,1334
2026-07-04,00981A,5439,3528
2026-07-04,00981A,2449,3427
2026-07-04,00981A,6271,2966
2026-07-04,00981A,6669,2417
2026-07-04,00981A,5274,379
2026-07-04,00981A,3376,1741
2026-07-04,00403A,2303,75000
2026-07-04,00403A,2330,12800
2026-07-04,00981A,2002,5163
2026-07-04,00981A,4966,140
2026-07-04,00981A,6805,1811
2026-07-04,00981A,3711,12742
2026-07-04,00403A,2455,450
2026-07-04,00981A,2303,86550
2026-07-04,00981A,3264,1508
2026-07-04,00981A,6191,3988
2026-07-04,00981A,2345,6334
2026-07-04,00981A,6278,4334
2026-07-04,00403A,6223,1000
2026-07-04,00403A,6239,500
2026-07-04,00403A,2454,1435
2026-07-04,00403A,2345,2100
2026-07-04,00403A,2308,2430
2026-07-04,00403A,6669,790
2026-07-04,00403A,3653,780
2026-07-04,00403A,1303,7550
2026-07-04,00403A,2368,2750
2026-07-04,00403A,4966,900
2026-07-04,00403A,6196,1000
2026-07-04,00403A,8996,1560
2026-07-04,00403A,3017,3450
2026-07-04,00403A,7769,279
2026-07-04,00403A,3533,1240
2026-07-04,00981A,1590,530
2026-07-04,00403A,6488,2000
2026-07-04,00403A,3211,1560
2026-07-04,00403A,3189,3217
2026-07-04,00403A,5274,45
2026-07-04,00403A,2383,1140
2026-07-04,00403A,3583,900
2026-07-04,00403A,4958,6440
2026-07-04,00403A,3711,5600
2026-07-04,00403A,2344,39600
2026-07-04,00981A,6515,226
2026-07-04,00403A,2317,3200
2026-07-04,00403A,6805,570
2026-07-04,00403A,8046,795
2026-07-04,00403A,2337,10000
2026-07-04,00403A,3529,390
2026-07-04,00403A,6274,1700
2026-07-04,00403A,6147,1000
2026-07-04,00403A,3443,480
2026-07-04,00403A,2360,450
2026-07-04,00403A,6442,300
2026-07-04,00403A,2049,1010
2026-07-04,00403A,3665,166
2026-07-04,00403A,1560,1000
2026-07-04,00403A,6415,900
2026-07-05,00403A,3189,3217
2026-07-05,00403A,7769,279
2026-07-05,00403A,3443,480
2026-07-05,00403A,3017,3450
2026-07-05,00403A,6488,2000
2026-07-05,00403A,4966,900
2026-07-05,00403A,6515,200
2026-07-05,00403A,3533,1240
2026-07-05,00403A,4958,6440
2026-07-05,00403A,2383,1140
2026-07-05,00403A,2368,2750
2026-07-05,00403A,6669,790
2026-07-05,00403A,2308,2430
2026-07-05,00403A,2345,2100
2026-07-05,00403A,2454,1435
2026-07-05,00403A,6239,500
2026-07-05,00403A,3653,780
2026-07-05,00403A,1303,7550
2026-07-05,00403A,6196,1000
2026-07-05,00403A,3211,1560
2026-07-05,00403A,6223,1000
2026-07-05,00981A,6271,2966
2026-07-05,00403A,3665,166
2026-07-05,00403A,2049,1010
2026-07-05,00403A,6442,300
2026-07-05,00403A,6147,1000
2026-07-05,00403A,8996,1560
2026-07-05,00403A,1560,1000
2026-07-05,00403A,6274,1700
2026-07-05,00403A,6415,900
2026-07-05,00403A,2337,10000
2026-07-05,00403A,3529,390
2026-07-05,00403A,2360,450
2026-07-05,00403A,2317,3200
2026-07-05,00981A,6515,226
2026-07-05,00403A,3711,5600
2026-07-05,00403A,8358,1950
2026-07-05,00403A,3583,900
2026-07-05,00403A,8046,795
2026-07-05,00981A,2327,25098
2026-07-05,00403A,5274,45
2026-07-05,00981A,3037,15203
2026-07-05,00981A,6223,2382
2026-07-05,00981A,2308,5052
2026-07-05,00981A,8046,8949
2026-07-05,00981A,2368,8315
2026-07-05,00981A,3017,5191
2026-07-05,00981A,3665,4834
2026-07-05,00981A,2303,86550
2026-07-05,00981A,2330,11960
2026-07-05,00403A,3264,300
2026-07-05,00981A,2454,5037
2026-07-05,00403A,2344,39600
2026-07-05,00403A,2327,10050
2026-07-05,00981A,1590,530
2026-07-05,00981A,2383,4486
2026-07-05,00981A,3264,1508
2026-07-05,00981A,2345,6334
2026-07-05,00981A,5274,379
2026-07-05,00403A,2455,450
2026-07-05,00403A,3037,8960
2026-07-05,00403A,6805,570
2026-07-05,00981A,6191,3988
2026-07-05,00981A,6278,4334
2026-07-05,00981A,3653,2267
2026-07-05,00981A,6805,1811
2026-07-05,00403A,2303,75000
2026-07-05,00403A,2330,12800
2026-07-05,00981A,6488,50
2026-07-05,00981A,2002,5163
2026-07-05,00981A,8210,2267
2026-07-05,00981A,4966,140
2026-07-05,00981A,5439,3528
2026-07-05,00981A,6187,1334
2026-07-05,00981A,6147,6275
2026-07-05,00981A,6274,5160
2026-07-05,00981A,6510,411
2026-07-05,00981A,6669,2417
2026-07-05,00981A,2449,3427
2026-07-05,00981A,3376,1741
2026-07-05,00981A,3711,12742
2026-07-06,00981A,2454,5037
2026-07-06,00981A,1590,528
2026-07-06,00981A,6278,4334
2026-07-06,00981A,2330,11960
2026-07-06,00981A,6191,3988
2026-07-06,00403A,3264,600
2026-07-06,00403A,6223,1000
2026-07-06,00981A,5274,379
2026-07-06,00403A,2455,450
2026-07-06,00403A,2344,39600
2026-07-06,00981A,6223,2382
2026-07-06,00981A,3665,4834
2026-07-06,00981A,3017,5191
2026-07-06,00981A,2368,8315
2026-07-06,00981A,2308,5052
2026-07-06,00981A,3653,2267
2026-07-06,00981A,8046,8949
2026-07-06,00981A,2327,25098
2026-07-06,00981A,6669,2417
2026-07-06,00981A,6488,50
2026-07-06,00981A,3711,12742
2026-07-06,00403A,2327,10050
2026-07-06,00981A,2449,3427
2026-07-06,00981A,6147,6275
2026-07-06,00981A,6187,1334
2026-07-06,00981A,6510,411
2026-07-06,00981A,5439,3528
2026-07-06,00981A,2303,86550
2026-07-06,00981A,2383,4486
2026-07-06,00981A,3376,1741
2026-07-06,00981A,3264,1508
2026-07-06,00403A,2330,12800
2026-07-06,00981A,2002,5163
2026-07-06,00981A,4966,140
2026-07-06,00403A,2303,75000
2026-07-06,00981A,6805,1811
2026-07-06,00981A,6274,5160
2026-07-06,00981A,2345,6334
2026-07-06,00981A,3037,15203
2026-07-06,00981A,8210,2267
2026-07-06,00403A,8046,795
2026-07-06,00403A,2383,1140
2026-07-06,00403A,3711,5600
2026-07-06,00403A,6147,1000
2026-07-06,00403A,2454,1490
2026-07-06,00403A,2345,2100
2026-07-06,00403A,2308,2430
2026-07-06,00403A,6669,790
2026-07-06,00403A,2368,2750
2026-07-06,00403A,3653,780
2026-07-06,00403A,6196,1000
2026-07-06,00403A,3443,480
2026-07-06,00403A,3189,3217
2026-07-06,00403A,8996,1560
2026-07-06,00403A,6515,200
2026-07-06,00403A,6239,900
2026-07-06,00403A,7769,279
2026-07-06,00403A,3533,1240
2026-07-06,00403A,6415,900
2026-07-06,00403A,6488,2000
2026-07-06,00403A,3529,269
2026-07-06,00403A,2337,10000
2026-07-06,00981A,6271,2966
2026-07-06,00403A,6805,570
2026-07-06,00403A,8358,1950
2026-07-06,00981A,6515,226
2026-07-06,00403A,3037,7500
2026-07-06,00403A,3583,900
2026-07-06,00403A,3211,1800
2026-07-06,00403A,5274,45
2026-07-06,00403A,2360,450
2026-07-06,00403A,1303,7550
2026-07-06,00403A,4958,6440
2026-07-06,00403A,3665,166
2026-07-06,00403A,2049,1010
2026-07-06,00403A,6442,300
2026-07-06,00403A,1560,1000
2026-07-06,00403A,6274,1700
2026-07-06,00403A,4966,800
2026-07-06,00403A,3017,3450
2026-07-06,00403A,2317,3200
2026-07-07,00403A,3711,5900
2026-07-07,00403A,6196,1000
2026-07-07,00403A,3017,3450
2026-07-07,00403A,3211,1800
2026-07-07,00403A,3533,1240
2026-07-07,00403A,8996,1560
2026-07-07,00403A,2337,10000
2026-07-07,00403A,3189,3217
2026-07-07,00403A,7769,279
2026-07-07,00403A,6669,790
2026-07-07,00403A,6515,200
2026-07-07,00403A,4958,6440
2026-07-07,00403A,2308,2430
2026-07-07,00403A,2345,2100
2026-07-07,00403A,3037,7064
2026-07-07,00403A,6147,1000
2026-07-07,00403A,6488,2000
2026-07-07,00403A,3653,780
2026-07-07,00403A,4966,800
2026-07-07,00981A,1590,528
2026-07-07,00403A,2454,1600
2026-07-07,00403A,3529,269
2026-07-07,00403A,3665,166
2026-07-07,00403A,2049,1010
2026-07-07,00403A,6442,300
2026-07-07,00403A,6239,900
2026-07-07,00403A,6274,1700
2026-07-07,00403A,6415,900
2026-07-07,00403A,6805,570
2026-07-07,00403A,8046,795
2026-07-07,00403A,2317,3200
2026-07-07,00403A,3583,900
2026-07-07,00403A,2360,450
2026-07-07,00403A,1303,7550
2026-07-07,00403A,5274,50
2026-07-07,00981A,6515,204
2026-07-07,00403A,8358,1950
2026-07-07,00403A,2383,1140
2026-07-07,00403A,2368,2750
2026-07-07,00403A,3443,480
2026-07-07,00403A,1560,1000
2026-07-07,00981A,3711,12742
2026-07-07,00403A,2455,450
2026-07-07,00981A,2368,8315
2026-07-07,00981A,2308,5052
2026-07-07,00981A,3665,4834
2026-07-07,00981A,3017,5191
2026-07-07,00981A,8046,8949
2026-07-07,00981A,2303,86550
2026-07-07,00981A,3037,15203
2026-07-07,00981A,2330,11960
2026-07-07,00403A,3264,600
2026-07-07,00981A,2454,5131
2026-07-07,00403A,2327,10050
2026-07-07,00981A,2449,1886
2026-07-07,00981A,6223,2382
2026-07-07,00403A,6223,1000
2026-07-07,00981A,2383,4597
2026-07-07,00981A,3264,1508
2026-07-07,00981A,2345,6334
2026-07-07,00403A,2344,39600
2026-07-07,00981A,5274,417
2026-07-07,00981A,6191,3988
2026-07-07,00981A,3653,2267
2026-07-07,00981A,8210,2267
2026-07-07,00403A,2303,75000
2026-07-07,00403A,2330,12800
2026-07-07,00981A,2002,5163
2026-07-07,00981A,6488,50
2026-07-07,00981A,6271,2966
2026-07-07,00981A,4966,140
2026-07-07,00981A,6274,5160
2026-07-07,00981A,2327,25098
2026-07-07,00981A,5439,3528
2026-07-07,00981A,6510,411
2026-07-07,00981A,6147,6275
2026-07-07,00981A,6187,1334
2026-07-07,00981A,6669,2417
2026-07-07,00981A,6278,4334
2026-07-07,00981A,3376,1741
2026-07-07,00981A,6805,1811
2026-07-08,00981A,2449,1886
2026-07-08,00981A,2330,11960
2026-07-08,00981A,3037,15203
2026-07-08,00981A,2383,4597
2026-07-08,00981A,2454,5131
2026-07-08,00981A,3264,1508
2026-07-08,00403A,2455,450
2026-07-08,00403A,2344,39600
2026-07-08,00981A,3017,5191
2026-07-08,00981A,3665,4834
2026-07-08,00981A,6669,2417
2026-07-08,00981A,8046,8949
2026-07-08,00981A,2368,8315
2026-07-08,00981A,3653,2267
2026-07-08,00981A,6191,3988
2026-07-08,00981A,5274,417
2026-07-08,00981A,2308,5052
2026-07-08,00403A,3264,600
2026-07-08,00981A,6278,4334
2026-07-08,00981A,6274,5160
2026-07-08,00981A,3711,12742
2026-07-08,00403A,8046,1050
2026-07-08,00981A,2303,86550
2026-07-08,00981A,2327,25098
2026-07-08,00981A,1590,528
2026-07-08,00981A,6147,6275
2026-07-08,00981A,5439,3528
2026-07-08,00981A,6510,411
2026-07-08,00981A,8210,2267
2026-07-08,00981A,4966,140
2026-07-08,00981A,6223,2443
2026-07-08,00981A,2002,5163
2026-07-08,00981A,3376,1741
2026-07-08,00981A,6488,50
2026-07-08,00403A,2330,12800
2026-07-08,00403A,2303,75000
2026-07-08,00981A,6805,1811
2026-07-08,00403A,2327,9000
2026-07-08,00981A,6271,2966
2026-07-08,00981A,2345,6334
2026-07-08,00403A,2317,3200
2026-07-08,00403A,2368,2750
2026-07-08,00403A,2383,1140
2026-07-08,00403A,2345,2100
2026-07-08,00403A,2308,2430
2026-07-08,00403A,6669,790
2026-07-08,00403A,4958,6440
2026-07-08,00403A,3017,3450
2026-07-08,00403A,3037,7064
2026-07-08,00403A,1303,7920
2026-07-08,00403A,3653,780
2026-07-08,00403A,6239,900
2026-07-08,00403A,6147,1000
2026-07-08,00403A,3443,480
2026-07-08,00403A,8996,1560
2026-07-08,00403A,7769,279
2026-07-08,00403A,3711,5900
2026-07-08,00403A,5274,50
2026-07-08,00403A,6488,2100
2026-07-08,00403A,3533,1240
2026-07-08,00403A,3189,3217
2026-07-08,00403A,6805,570
2026-07-08,00403A,6442,300
2026-07-08,00981A,6515,204
2026-07-08,00403A,2454,1600
2026-07-08,00403A,3583,900
2026-07-08,00403A,6223,1000
2026-07-08,00403A,2337,10000
2026-07-08,00403A,2360,450
2026-07-08,00403A,1560,1000
2026-07-08,00403A,8358,1950
2026-07-08,00403A,6515,200
2026-07-08,00403A,3211,1800
2026-07-08,00403A,3529,160
2026-07-08,00403A,3665,166
2026-07-08,00403A,6274,1700
2026-07-08,00403A,2049,1010
2026-07-08,00981A,6187,1334
2026-07-08,00403A,6196,1000
2026-07-08,00403A,6415,900
2026-07-08,00403A,4966,800
2026-07-09,00403A,3533,1240
2026-07-09,00403A,3443,480
2026-07-09,00403A,8996,1600
2026-07-09,00403A,6442,300
2026-07-09,00403A,6274,1700
2026-07-09,00403A,7769,279
2026-07-09,00981A,6805,1811
2026-07-09,00403A,3653,780
2026-07-09,00403A,3711,5900
2026-07-09,00403A,3189,3217
2026-07-09,00403A,6488,2152
2026-07-09,00403A,6669,790
2026-07-09,00403A,2308,2430
2026-07-09,00403A,2345,2100
2026-07-09,00403A,2383,1140
2026-07-09,00403A,8046,1226
2026-07-09,00403A,2454,1600
2026-07-09,00403A,3037,7064
2026-07-09,00403A,4958,6440
2026-07-09,00403A,3583,900
2026-07-09,00403A,3264,600
2026-07-09,00403A,6223,1000
2026-07-09,00403A,3665,166
2026-07-09,00403A,2344,39600
2026-07-09,00403A,6239,900
2026-07-09,00403A,6196,442
2026-07-09,00403A,5274,50
2026-07-09,00403A,6415,900
2026-07-09,00403A,2049,1010
2026-07-09,00403A,6805,570
2026-07-09,00403A,3211,1800
2026-07-09,00403A,2317,3200
2026-07-09,00403A,2360,450
2026-07-09,00403A,8358,1950
2026-07-09,00403A,1560,1000
2026-07-09,00403A,2337,10000
2026-07-09,00403A,1303,8500
2026-07-09,00403A,6515,200
2026-07-09,00403A,2368,2750
2026-07-09,00403A,4966,800
2026-07-09,00981A,6223,2443
2026-07-09,00981A,2303,86550
2026-07-09,00981A,2330,11960
2026-07-09,00403A,3529,50
2026-07-09,00981A,2308,5052
2026-07-09,00981A,3711,14770
2026-07-09,00981A,8046,9149
2026-07-09,00981A,3017,5191
2026-07-09,00981A,6669,2417
2026-07-09,00981A,6278,4334
2026-07-09,00981A,2345,6334
2026-07-09,00981A,3037,15779
2026-07-09,00403A,2455,450
2026-07-09,00981A,3653,2267
2026-07-09,00981A,2383,4653
2026-07-09,00981A,2327,25098
2026-07-09,00981A,2454,5131
2026-07-09,00403A,3017,3450
2026-07-09,00981A,5274,417
2026-07-09,00981A,1590,528
2026-07-09,00981A,6191,3988
2026-07-09,00981A,6274,5160
2026-07-09,00981A,8210,2267
2026-07-09,00981A,6488,50
2026-07-09,00981A,2002,5163
2026-07-09,00981A,4966,140
2026-07-09,00403A,2303,75000
2026-07-09,00981A,3264,1508
2026-07-09,00981A,3376,1741
2026-07-09,00981A,5439,3528
2026-07-09,00981A,2449,1886
2026-07-09,00981A,6510,411
2026-07-09,00981A,6147,6275
2026-07-09,00981A,6187,1334
2026-07-09,00981A,6515,204
2026-07-09,00403A,2327,9000
2026-07-09,00981A,2368,8315
2026-07-09,00981A,3665,4834
2026-07-09,00981A,6271,2966
2026-07-09,00403A,2330,12800
2026-07-10,00403A,3017,3450
2026-07-10,00981A,6271,2966
2026-07-10,00981A,5274,417
2026-07-10,00981A,2327,25098
2026-07-10,00981A,2383,4653
2026-07-10,00981A,3653,2267
2026-07-10,00403A,2455,450
2026-07-10,00981A,3037,15779
2026-07-10,00981A,6223,2443
2026-07-10,00981A,6669,2417
2026-07-10,00981A,3017,5191
2026-07-10,00981A,6274,5160
2026-07-10,00981A,8046,9149
2026-07-10,00981A,3711,14770
2026-07-10,00981A,2308,5052
2026-07-10,00403A,3529,50
2026-07-10,00981A,3665,4834
2026-07-10,00981A,2449,1886
2026-07-10,00981A,6191,3988
2026-07-10,00981A,2303,86550
2026-07-10,00981A,2454,5131
2026-07-10,00981A,2368,8315
2026-07-10,00981A,6805,1811
2026-07-10,00981A,6187,1334
2026-07-10,00981A,6147,6275
2026-07-10,00981A,6510,411
2026-07-10,00981A,5439,3528
2026-07-10,00981A,6278,4334
2026-07-10,00403A,2327,9000
2026-07-10,00981A,3376,1741
2026-07-10,00981A,3264,1508
2026-07-10,00403A,2303,75000
2026-07-10,00981A,4966,140
2026-07-10,00981A,2002,5163
2026-07-10,00981A,6488,50
2026-07-10,00981A,8210,2267
2026-07-10,00981A,2345,6334
2026-07-10,00403A,2330,12800
2026-07-10,00981A,1590,528
2026-07-10,00981A,2330,11960
2026-07-10,00403A,8046,1226
2026-07-10,00403A,6515,200
2026-07-10,00403A,3037,7064
2026-07-10,00403A,2383,1140
2026-07-10,00403A,2345,2100
2026-07-10,00403A,2308,2430
2026-07-10,00403A,3711,5900
2026-07-10,00403A,4958,6440
2026-07-10,00403A,7769,279
2026-07-10,00403A,3189,3217
2026-07-10,00403A,8996,1600
2026-07-10,00403A,3443,480
2026-07-10,00403A,6488,2152
2026-07-10,00403A,6415,900
2026-07-10,00981A,6515,204
2026-07-10,00403A,3653,780
2026-07-10,00403A,6274,1700
2026-07-10,00403A,3533,1240
2026-07-10,00403A,6669,790
2026-07-10,00403A,2454,1600
2026-07-10,00403A,2368,2750
2026-07-10,00403A,5274,50
2026-07-10,00403A,3264,600
2026-07-10,00403A,2317,3200
2026-07-10,00403A,1560,1000
2026-07-10,00403A,2337,10000
2026-07-10,00403A,8358,1950
2026-07-10,00403A,6805,570
2026-07-10,00403A,3583,900
2026-07-10,00403A,1303,8500
2026-07-10,00403A,3211,1800
2026-07-10,00403A,4966,800
2026-07-10,00403A,6442,300
2026-07-10,00403A,2049,1010
2026-07-10,00403A,6223,1000
2026-07-10,00403A,2344,39600
2026-07-10,00403A,3665,166
2026-07-10,00403A,6239,900
2026-07-10,00403A,6196,442
2026-07-10,00403A,2360,450
2026-07-11,00403A,6669,790
2026-07-11,00403A,3443,480
2026-07-11,00403A,6488,2152
2026-07-11,00403A,7769,279
2026-07-11,00981A,6515,204
2026-07-11,00403A,4966,800
2026-07-11,00403A,8996,1600
2026-07-11,00403A,3533,1240
2026-07-11,00403A,6274,1700
2026-07-11,00403A,4958,6440
2026-07-11,00403A,6515,200
2026-07-11,00403A,2368,2750
2026-07-11,00403A,3711,5900
2026-07-11,00403A,2308,2430
2026-07-11,00403A,2345,2100
2026-07-11,00403A,2383,1140
2026-07-11,00403A,3037,7064
2026-07-11,00403A,3189,3217
2026-07-11,00403A,3653,780
2026-07-11,00403A,2454,1600
2026-07-11,00403A,2317,3200
2026-07-11,00403A,2344,39600
2026-07-11,00403A,5274,50
2026-07-11,00403A,6196,442
2026-07-11,00403A,6239,900
2026-07-11,00403A,3665,166
2026-07-11,00403A,6223,1000
2026-07-11,00403A,2049,1010
2026-07-11,00403A,6442,300
2026-07-11,00403A,1560,1000
2026-07-11,00403A,3211,1800
2026-07-11,00403A,1303,8500
2026-07-11,00403A,3583,900
2026-07-11,00403A,2360,450
2026-07-11,00403A,6805,570
2026-07-11,00403A,8358,1950
2026-07-11,00403A,6415,900
2026-07-11,00403A,2337,10000
2026-07-11,00403A,3264,600
2026-07-11,00403A,8046,1226
2026-07-11,00981A,3037,15779
2026-07-11,00981A,2330,11960
2026-07-11,00981A,2454,5131
2026-07-11,00981A,2308,5052
2026-07-11,00981A,3711,14770
2026-07-11,00981A,8046,9149
2026-07-11,00981A,6274,5160
2026-07-11,00981A,3017,5191
2026-07-11,00981A,6669,2417
2026-07-11,00403A,3529,50
2026-07-11,00981A,6223,2443
2026-07-11,00403A,2455,450
2026-07-11,00981A,3653,2267
2026-07-11,00981A,2383,4653
2026-07-11,00981A,2327,25098
2026-07-11,00981A,5274,417
2026-07-11,00981A,6271,2966
2026-07-11,00403A,3017,3450
2026-07-11,00981A,3665,4834
2026-07-11,00981A,2449,1886
2026-07-11,00981A,2368,8315
2026-07-11,00981A,2303,86550
2026-07-11,00981A,2345,6334
2026-07-11,00981A,8210,2267
2026-07-11,00981A,6488,50
2026-07-11,00981A,2002,5163
2026-07-11,00981A,4966,140
2026-07-11,00403A,2303,75000
2026-07-11,00981A,3264,1508
2026-07-11,00981A,6191,3988
2026-07-11,00981A,3376,1741
2026-07-11,00403A,2327,9000
2026-07-11,00981A,6278,4334
2026-07-11,00981A,5439,3528
2026-07-11,00981A,6510,411
2026-07-11,00981A,6147,6275
2026-07-11,00981A,6187,1334
2026-07-11,00981A,6805,1811
2026-07-11,00403A,2330,12800
2026-07-11,00981A,1590,528
2026-07-12,00981A,6223,2443
2026-07-12,00981A,1590,528
2026-07-12,00981A,2327,25098
2026-07-12,00981A,2383,4653
2026-07-12,00981A,3653,2267
2026-07-12,00403A,2455,450
2026-07-12,00981A,3037,15779
2026-07-12,00981A,3665,4834
2026-07-12,00981A,3017,5191
2026-07-12,00981A,6669,2417
2026-07-12,00981A,2303,86550
2026-07-12,00981A,6274,5160
2026-07-12,00981A,8046,9149
2026-07-12,00981A,3711,14770
2026-07-12,00981A,2308,5052
2026-07-12,00981A,2454,5131
2026-07-12,00981A,2330,11960
2026-07-12,00981A,8210,2267
2026-07-12,00981A,2449,1886
2026-07-12,00403A,2303,75000
2026-07-12,00981A,5274,417
2026-07-12,00981A,6271,2966
2026-07-12,00981A,6805,1811
2026-07-12,00981A,6187,1334
2026-07-12,00981A,6147,6275
2026-07-12,00981A,6510,411
2026-07-12,00981A,5439,3528
2026-07-12,00981A,6278,4334
2026-07-12,00403A,2330,12800
2026-07-12,00981A,3264,1508
2026-07-12,00981A,6191,3988
2026-07-12,00403A,2327,9000
2026-07-12,00981A,3376,1741
2026-07-12,00981A,4966,140
2026-07-12,00981A,2002,5163
2026-07-12,00981A,6488,50
2026-07-12,00403A,3529,50
2026-07-12,00981A,2345,6334
2026-07-12,00403A,3017,3450
2026-07-12,00981A,2368,8315
2026-07-12,00403A,3264,600
2026-07-12,00403A,6515,200
2026-07-12,00403A,4958,6440
2026-07-12,00403A,3037,7064
2026-07-12,00403A,2383,1140
2026-07-12,00403A,2345,2100
2026-07-12,00403A,2308,2430
2026-07-12,00403A,6669,790
2026-07-12,00403A,7769,279
2026-07-12,00403A,2368,2750
2026-07-12,00403A,6488,2152
2026-07-12,00403A,8996,1600
2026-07-12,00403A,3653,780
2026-07-12,00403A,3443,480
2026-07-12,00403A,2454,1600
2026-07-12,00403A,3533,1240
2026-07-12,00403A,6274,1700
2026-07-12,00981A,6515,204
2026-07-12,00403A,3711,5900
2026-07-12,00403A,3189,3217
2026-07-12,00403A,8046,1226
2026-07-12,00403A,1303,8500
2026-07-12,00403A,2337,10000
2026-07-12,00403A,8358,1950
2026-07-12,00403A,6805,570
2026-07-12,00403A,2360,450
2026-07-12,00403A,3211,1800
2026-07-12,00403A,3583,900
2026-07-12,00403A,5274,50
2026-07-12,00403A,2317,3200
2026-07-12,00403A,2344,39600
2026-07-12,00403A,6442,300
2026-07-12,00403A,2049,1010
2026-07-12,00403A,3665,166
2026-07-12,00403A,6239,900
2026-07-12,00403A,6196,442
2026-07-12,00403A,1560,1000
2026-07-12,00403A,6223,1000
2026-07-12,00403A,6415,900
2026-07-12,00403A,4966,800
2026-07-13,00981A,6805,1811
2026-07-13,00403A,3443,480
2026-07-13,00403A,3533,1240
2026-07-13,00403A,3653,780
2026-07-13,00403A,6274,1700
2026-07-13,00403A,3189,3217
2026-07-13,00403A,2368,2750
2026-07-13,00403A,3711,5900
2026-07-13,00403A,2345,2100
2026-07-13,00403A,6669,790
2026-07-13,00403A,2308,2430
2026-07-13,00403A,2383,1140
2026-07-13,00403A,2454,1600
2026-07-13,00403A,2327,7800
2026-07-13,00403A,3037,7064
2026-07-13,00403A,6488,2152
2026-07-13,00403A,8996,1600
2026-07-13,00403A,6239,900
2026-07-13,00403A,6515,200
2026-07-13,00403A,3665,166
2026-07-13,00403A,7769,279
2026-07-13,00403A,4958,6940
2026-07-13,00403A,2344,40000
2026-07-13,00403A,3583,900
2026-07-13,00403A,2049,1010
2026-07-13,00403A,6442,300
2026-07-13,00403A,6415,900
2026-07-13,00403A,4966,800
2026-07-13,00403A,5274,50
2026-07-13,00403A,1560,1000
2026-07-13,00403A,3211,1800
2026-07-13,00403A,6805,570
2026-07-13,00403A,2317,3200
2026-07-13,00403A,8358,1750
2026-07-13,00403A,2337,10000
2026-07-13,00403A,1303,8500
2026-07-13,00403A,6223,1000
2026-07-13,00403A,8046,1440
2026-07-13,00403A,2360,450
2026-07-13,00981A,3665,4834
2026-07-13,00981A,2449,1886
2026-07-13,00981A,2345,6334
2026-07-13,00403A,3017,3450
2026-07-13,00981A,2308,5052
2026-07-13,00981A,3711,15139
2026-07-13,00981A,8046,9231
2026-07-13,00981A,6274,5160
2026-07-13,00981A,3017,5191
2026-07-13,00981A,2303,86550
2026-07-13,00981A,6223,2443
2026-07-13,00981A,2327,25098
2026-07-13,00981A,2383,4653
2026-07-13,00981A,2330,11960
2026-07-13,00403A,2455,450
2026-07-13,00981A,3037,16333
2026-07-13,00981A,6271,2966
2026-07-13,00403A,2303,75000
2026-07-13,00981A,2454,5131
2026-07-13,00981A,5274,417
2026-07-13,00981A,3653,2267
2026-07-13,00981A,2368,8315
2026-07-13,00981A,8210,2267
2026-07-13,00403A,3264,600
2026-07-13,00981A,6488,50
2026-07-13,00981A,4966,140
2026-07-13,00981A,2002,5163
2026-07-13,00981A,3376,1741
2026-07-13,00981A,6191,3988
2026-07-13,00403A,2330,12800
2026-07-13,00981A,3264,1508
2026-07-13,00981A,6278,4334
2026-07-13,00981A,5439,3528
2026-07-13,00981A,6510,411
2026-07-13,00981A,6147,6275
2026-07-13,00981A,6187,1334
2026-07-13,00981A,6515,204
2026-07-13,00981A,1590,528
2026-07-13,00981A,6669,2417
2026-07-14,00981A,3653,2267
2026-07-14,00981A,2454,5131
2026-07-14,00981A,3037,16333
2026-07-14,00403A,3008,30
2026-07-14,00981A,2330,11960
2026-07-14,00981A,2383,4653
2026-07-14,00981A,2327,25098
2026-07-14,00981A,8046,9519
2026-07-14,00981A,2345,6334
2026-07-14,00981A,2303,86550
2026-07-14,00981A,6669,2417
2026-07-14,00981A,3017,5191
2026-07-14,00981A,3711,15284
2026-07-14,00981A,2308,5181
2026-07-14,00403A,3264,600
2026-07-14,00981A,6223,2443
2026-07-14,00981A,5274,417
2026-07-14,00403A,2344,40000
2026-07-14,00981A,6805,1811
2026-07-14,00981A,3665,4834
2026-07-14,00981A,2368,8315
2026-07-14,00981A,6187,1334
2026-07-14,00981A,6147,6275
2026-07-14,00981A,5439,3528
2026-07-14,00981A,6510,349
2026-07-14,00981A,6278,4334
2026-07-14,00981A,1590,528
2026-07-14,00981A,8210,2267
2026-07-14,00981A,2449,1886
2026-07-14,00981A,6191,3988
2026-07-14,00981A,3376,1741
2026-07-14,00981A,3264,1508
2026-07-14,00981A,2002,5163
2026-07-14,00981A,4966,140
2026-07-14,00981A,6488,50
2026-07-14,00403A,2330,12800
2026-07-14,00403A,2303,75000
2026-07-14,00981A,6271,2966
2026-07-14,00403A,6239,900
2026-07-14,00981A,6274,5160
2026-07-14,00403A,3037,7064
2026-07-14,00403A,2455,450
2026-07-14,00403A,2454,1600
2026-07-14,00403A,2383,1140
2026-07-14,00403A,2345,2100
2026-07-14,00403A,2308,2430
2026-07-14,00403A,6669,790
2026-07-14,00403A,2327,7800
2026-07-14,00403A,3189,3217
2026-07-14,00403A,3443,480
2026-07-14,00403A,3533,1240
2026-07-14,00403A,6274,1700
2026-07-14,00403A,8046,1550
2026-07-14,00403A,2368,2750
2026-07-14,00403A,3017,3450
2026-07-14,00403A,6488,2250
2026-07-14,00981A,6515,204
2026-07-14,00403A,3653,780
2026-07-14,00403A,4958,6940
2026-07-14,00403A,1303,9000
2026-07-14,00403A,7769,279
2026-07-14,00403A,3211,1800
2026-07-14,00403A,6515,200
2026-07-14,00403A,2337,10000
2026-07-14,00403A,5274,64
2026-07-14,00403A,2360,450
2026-07-14,00403A,8358,1750
2026-07-14,00403A,6805,570
2026-07-14,00403A,6223,1000
2026-07-14,00403A,3583,900
2026-07-14,00403A,8996,1600
2026-07-14,00403A,4966,800
2026-07-14,00403A,6415,900
2026-07-14,00403A,6442,300
2026-07-14,00403A,2049,1010
2026-07-14,00403A,3665,166
2026-07-14,00403A,2317,3200
2026-07-14,00403A,3711,5900
2026-07-14,00403A,1560,1000
2026-07-15,00403A,8996,1600
2026-07-15,00403A,3533,1240
2026-07-15,00403A,8046,1750
2026-07-15,00403A,2327,7800
2026-07-15,00403A,1303,9900
2026-07-15,00403A,3189,3217
2026-07-15,00403A,3653,780
2026-07-15,00403A,6274,1700
2026-07-15,00403A,2368,2750
2026-07-15,00981A,6515,204
2026-07-15,00403A,6488,2250
2026-07-15,00403A,3711,5900
2026-07-15,00403A,2308,2530
2026-07-15,00403A,2345,2100
2026-07-15,00403A,2383,1140
2026-07-15,00403A,2454,1600
2026-07-15,00403A,3443,480
2026-07-15,00403A,6669,790
2026-07-15,00403A,4958,6940
2026-07-15,00403A,3583,900
2026-07-15,00403A,3264,600
2026-07-15,00403A,3037,7064
2026-07-15,00403A,2455,450
2026-07-15,00403A,6239,900
2026-07-15,00403A,2049,1010
2026-07-15,00403A,6442,300
2026-07-15,00403A,6415,900
2026-07-15,00403A,3665,250
2026-07-15,00403A,4966,800
2026-07-15,00403A,1560,1000
2026-07-15,00403A,7769,279
2026-07-15,00403A,2317,3200
2026-07-15,00403A,3211,1800
2026-07-15,00403A,6805,570
2026-07-15,00403A,8358,1750
2026-07-15,00403A,2360,540
2026-07-15,00403A,5274,80
2026-07-15,00403A,6515,200
2026-07-15,00403A,2337,10000
2026-07-15,00403A,6223,1000
2026-07-15,00403A,3017,3450
2026-07-15,00981A,8210,2267
2026-07-15,00981A,3665,4834
2026-07-15,00981A,2308,5181
2026-07-15,00981A,3711,15770
2026-07-15,00981A,3017,5191
2026-07-15,00981A,6669,2417
2026-07-15,00981A,3653,2267
2026-07-15,00981A,2303,86550
2026-07-15,00981A,6223,2443
2026-07-15,00981A,8046,9519
2026-07-15,00981A,2330,11960
2026-07-15,00981A,2454,5131
2026-07-15,00981A,2345,6334
2026-07-15,00403A,3008,30
2026-07-15,00981A,6274,5160
2026-07-15,00981A,2383,4653
2026-07-15,00981A,2327,25098
2026-07-15,00981A,3037,16607
2026-07-15,00981A,5274,449
2026-07-15,00403A,2404,60
2026-07-15,00403A,2303,75000
2026-07-15,00403A,2330,12800
2026-07-15,00981A,6488,50
2026-07-15,00981A,4966,140
2026-07-15,00981A,2002,5163
2026-07-15,00981A,3264,1508
2026-07-15,00403A,2344,40000
2026-07-15,00981A,6191,3988
2026-07-15,00981A,6271,2966
2026-07-15,00981A,3376,1741
2026-07-15,00981A,6278,4334
2026-07-15,00981A,6510,349
2026-07-15,00981A,5439,3528
2026-07-15,00981A,2449,4119
2026-07-15,00981A,6147,6275
2026-07-15,00981A,6187,1334
2026-07-15,00981A,6805,1811
2026-07-15,00981A,2368,8315
2026-07-15,00981A,1590,528
2026-07-16,00981A,6274,5160
2026-07-16,00981A,3037,16607
2026-07-16,00403A,3264,600
2026-07-16,00981A,2330,11960
2026-07-16,00981A,2383,4653
2026-07-16,00981A,2327,25098
2026-07-16,00981A,2454,5131
2026-07-16,00981A,2308,5181
2026-07-16,00981A,2345,6334
2026-07-16,00981A,2303,86550
2026-07-16,00981A,3653,2267
2026-07-16,00981A,6669,2417
2026-07-16,00981A,8046,9519
2026-07-16,00981A,3017,5191
2026-07-16,00981A,3711,16135
2026-07-16,00981A,5274,449
2026-07-16,00981A,6223,2443
2026-07-16,00403A,2404,60
2026-07-16,00981A,6271,2966
2026-07-16,00403A,3017,3450
2026-07-16,00981A,3665,4834
2026-07-16,00403A,3037,7064
2026-07-16,00981A,2449,5193
2026-07-16,00981A,6187,1334
2026-07-16,00981A,6147,6275
2026-07-16,00981A,5439,3528
2026-07-16,00981A,6510,349
2026-07-16,00981A,6515,130
2026-07-16,00981A,6278,4334
2026-07-16,00981A,1590,528
2026-07-16,00981A,6191,3988
2026-07-16,00981A,3264,1508
2026-07-16,00981A,3376,1741
2026-07-16,00981A,2002,5163
2026-07-16,00981A,4966,140
2026-07-16,00403A,2330,12800
2026-07-16,00403A,2303,75000
2026-07-16,00981A,8210,2267
2026-07-16,00981A,2368,8315
2026-07-16,00403A,2327,7800
2026-07-16,00981A,6805,1811
2026-07-16,00403A,2368,2750
2026-07-16,00403A,2454,1600
2026-07-16,00403A,2383,1140
2026-07-16,00403A,2308,2600
2026-07-16,00403A,2345,2100
2026-07-16,00403A,2344,40000
2026-07-16,00403A,4958,6940
2026-07-16,00403A,7769,279
2026-07-16,00403A,6488,2250
2026-07-16,00403A,3653,780
2026-07-16,00403A,3533,1240
2026-07-16,00403A,3189,3217
2026-07-16,00403A,8046,1750
2026-07-16,00403A,6274,1700
2026-07-16,00403A,1303,9900
2026-07-16,00403A,3443,480
2026-07-16,00403A,3711,6150
2026-07-16,00403A,2455,450
2026-07-16,00403A,6669,790
2026-07-16,00403A,3008,60
2026-07-16,00403A,2360,680
2026-07-16,00403A,8996,1600
2026-07-16,00403A,2337,10000
2026-07-16,00403A,6515,200
2026-07-16,00403A,5274,94
2026-07-16,00403A,6805,570
2026-07-16,00403A,2317,3200
2026-07-16,00403A,3211,1800
2026-07-16,00403A,6223,1000
2026-07-16,00403A,3583,900
2026-07-16,00403A,3665,300
2026-07-16,00403A,1560,750
2026-07-16,00403A,4966,800
2026-07-16,00403A,6415,900
2026-07-16,00403A,6442,300
2026-07-16,00403A,2049,1010
2026-07-16,00403A,6239,900
2026-07-16,00403A,8358,1750
2026-07-17,00403A,3443,480
2026-07-17,00403A,1303,9900
2026-07-17,00403A,6274,1700
2026-07-17,00403A,8046,1750
2026-07-17,00403A,3189,3217
2026-07-17,00403A,3533,1240
2026-07-17,00403A,3653,780
2026-07-17,00403A,3711,6150
2026-07-17,00403A,6488,2250
2026-07-17,00403A,4958,6934
2026-07-17,00403A,6669,790
2026-07-17,00403A,2345,2170
2026-07-17,00403A,2308,2700
2026-07-17,00403A,2327,7000
2026-07-17,00403A,2383,1140
2026-07-17,00403A,2368,2750
2026-07-17,00403A,7769,279
2026-07-17,00403A,2404,140
2026-07-17,00403A,2360,680
2026-07-17,00403A,2454,1650
2026-07-17,00403A,3008,60
2026-07-17,00403A,6239,900
2026-07-17,00403A,2049,1010
2026-07-17,00403A,6442,300
2026-07-17,00403A,6415,900
2026-07-17,00403A,4966,800
2026-07-17,00403A,1560,750
2026-07-17,00403A,3665,300
2026-07-17,00403A,3583,900
2026-07-17,00403A,8358,1750
2026-07-17,00403A,3211,1800
2026-07-17,00403A,2317,3200
2026-07-17,00403A,6805,570
2026-07-17,00403A,6515,171
2026-07-17,00403A,5274,94
2026-07-17,00403A,2337,10000
2026-07-17,00403A,8996,1600
2026-07-17,00403A,6223,1000
2026-07-17,00981A,6805,1811
2026-07-17,00403A,2344,40000
2026-07-17,00981A,2368,8315
2026-07-17,00981A,3665,4834
2026-07-17,00981A,2308,5181
2026-07-17,00981A,3711,16135
2026-07-17,00981A,8046,9519
2026-07-17,00981A,6669,2417
2026-07-17,00981A,3017,5191
2026-07-17,00981A,3653,2267
2026-07-17,00981A,2303,86550
2026-07-17,00981A,2345,6334
2026-07-17,00981A,6223,2443
2026-07-17,00981A,2454,5131
2026-07-17,00981A,2327,25098
2026-07-17,00981A,2383,4653
2026-07-17,00981A,2330,11960
2026-07-17,00403A,3264,600
2026-07-17,00981A,3037,16607
2026-07-17,00981A,6274,5160
2026-07-17,00981A,5274,449
2026-07-17,00981A,8210,2267
2026-07-17,00403A,3017,3450
2026-07-17,00403A,2303,75000
2026-07-17,00403A,2330,12800
2026-07-17,00981A,4966,140
2026-07-17,00981A,2002,5163
2026-07-17,00981A,3376,1741
2026-07-17,00981A,3264,1508
2026-07-17,00981A,6191,3988
2026-07-17,00981A,6271,2966
2026-07-17,00981A,1590,528
2026-07-17,00981A,6278,4334
2026-07-17,00981A,6515,130
2026-07-17,00981A,6510,349
2026-07-17,00981A,5439,3528
2026-07-17,00981A,6147,6275
2026-07-17,00981A,6187,1334
2026-07-17,00981A,2449,5193
2026-07-17,00403A,3037,7064
2026-07-17,00403A,2455,450
